,sentence,topic
4336,Az ügyben a nyomozás még folyamatban van.,other
7262,"Lapunk is rákérdezett erre a tárcánál, de nem kaptunk választ.",politics
5003,Egyébként arról is lehetne valami info hogy ez a free update xbox only lesz vagy minden platformra igaz és pc-re is megkapjuk vagy akármi.,technology
222,A bölcsődei ellátás július 17-től 21-ig; valamint augusztus 18-tól 31-ig; télen december 27-től 29-ig szünetel.,other
9336,"Tavaly 1,3 millió forintnyi állampapírt jegyzett, s takarékbetétjét is ügyesen felhízlalta május óta 2,2 millió forintról 8 millióra, tartozása nincs, a parlamentben havi 1,97 millió forintért, pártvezetőként ingyen dolgozik.",economy
4301,"Azt is tudjuk, hogy akik már voltak, kivétel nélkül újra részt szeretnének venni a programban.",other
9965,"Vörösréz lemezzel bélelt, nagyjából ellipszis alakú dézsát árulnak ugyanis, afféle feredőkádat furgon platójáról, mert kivenni nehéz.",other
6337,"Hangsúlyozni szeretném, hogy eddig is ebbe az irányba mutatott a jogalkotó szándéka, csak nem voltak így konkrétan megfogalmazva a lehetséges esetek, s emiatt számos értelmezési lehetőség, illetve jogi vita adódott.",politics
1540,"A lap felidézte a Eurostat 2021-es évre vonatkozó statisztikáját az átlagfizetésekről: Magyarország már ekkor is az utolsó előtti helyen állt, nagy harcban Románia is lelépte a magyar béreket.",economy
8752,"Pétert, ahogy azt sem találta megalapozottnak, hogy jogos védelmi helyzetben cselekedett a fiatalember, aki több mint három évvel ezelőtt kioltotta édesapja életét.",politics
7039,"Két ukrán pilóta tartózkodik az Egyesült Államokban, hogy az amerikai kiképzők felmérjék, mekkora feladatot jelentene átképzésük nyugati harci repülőgépek vezetésére.",politics
5871,Ez mindig is ambivalens volt bennem.,other
5629,"Ez a fazon remekül fog mutatni olyan mély kivágású, full fehér sneakerrel, mint például az ikonikus Air Force 1, de a legerősebb benyomást olyan dad shoes kelti, mint a New Balance 530-as sneaker.",other
1752,A májusi adatokhoz képest átlagosan naponta közel négyszázzal több utazásra használják munkanapokon a vasútvillamost.,trafic
5808,"Ezért fontos feladat az állatvédelmi oktatás, az állatokkal kapcsolatos ismeretek átadása a gyerekek számára.",other
1222,"Akik ezen a készüléken használják a csevegő alkalmazást, azok nagyon boldogok lehetnek.",technology
2492,A rendőrség rendelkezésre álló adatai szerint a 27 éves férfi augusztus 21-t követően XIII.,trafic
4432,"Az US100 és más amerikai indexek határidős ügyletei is emelkedő árfolyamréssel indították a heti kereskedést, válaszul arra, hogy az amerikai kongresszus elfogadta az átmeneti finanszírozási törvényt.",economy
5866,Ez még 1998-ban volt.,other
7909,Mintha élne: mesterséges intelligenciával készül film Edith PiafrólTöbb mint hatvan évvel a halála után forgatnak.,music
5019,"Egy életem van, amelyben váltakoznak a magasságok és a mélységek, mint minden egyes ember esetében; ebben próbálok egyensúlyt teremteni a mindennapokban.",other
316,"A ChatGPT elindítása óta a mesterséges intelligencia világszerte hatalmas hullámokat gerjesztett, a közvélemény rádöbbent, hogy sci-fibe illő tempóban fejlődik a technológia.",technology
5561,És folytatjuk az életünket.,other
5344,Embercsempészés miatt 27 gyanúsított ellen indult eljárás – derül ki a rendőrségi összesítésből.,trafic
9893,"Vérből sohasem lehet elég, hiszen vagy a súlyosan sérült, illetve megműtött betegeknek van rá szükségük, vagy pedig gyógyszereket készítenek belőle.",other
7988,Mit hozhat az izraeli szárazföldi támadás a Gázai övezetre?,politics
9734,Utóbbi párt elnöke egy mémet is megosztott később az oldalán.,politics
1633,"Alex először 2008-ban került a tengeren túli címlapokra, amikor ""drogos botrányfotók"" készültek róla egy helyi elitklubban.",other
5508,"Erősödtek az európai részvények is, ugyanakkor a hétfői és a keddi munkaszüneti napok miatt visszafogott volt a kereskedelem a régióban –",economy
7974,Mi pedig újra kifosztottak lettünk.,other
510,A fedezetlenségi díj személyautó esetében annak teljesítményéhez kötött.,economy
9738,"Utolsó ismert ruházata farmernadrág, fehér póló és sportcipő.",other
2416,A rádiót és a fedélzeti számítógépet is alaphelyzetbe kell állítani.,technology
5447,"Ennek nyomán fontos küldetésnek tekintik, hogy megőrizzék és közreadják a város múltjára és jelenére vonatkozó anyagokat megőrizzük és közreadjuk, növelve a helyi közösség összetartását, öntudatát.",other
9585,"Ugyanakkor az Óvár utcán zajló munkálatok hamarosan befejeződnek, így jövő hét közepén már az autósok is használhatják azt újra a megszokott módon 3,5 tonnás súlykorlátozás mellett.",trafic
3913,Az idei verseny díjainak egyike.,other
4256,"Aztán meglátom, ő az.",other
9788,Valószínűleg ezzel magyarázhatóak a mostani tömeges elbocsátások.,economy
6701,"Így nézett ki a Cybertruck a 2019-es bemutatón - nem úgy tűnik, hogy sikerült kijavítani a hibákat.",technology
96,A bajnokság emellett a szakképző intézetek és a vállalati szféra közötti kapcsolatok erősítését is szolgálja.,other
1363,"A kormány mindent megtett annak érdekében, hogy a gazdák a lehető legkevésbé érezzék meg a háború hatásait és a múlt évi aszály következményeit - jelentette ki Nagy István agrárminiszter a Magyar Nemzetnek adott interjúban.",politics
4071,"Az olaj 0,5%-kal magasabban kereskedik, míg az amerikai földgáz ára stagnál.",economy
2223,"A nőnek az élettársa mellett egy szeretője is volt – a placentából kimutatták, hogy a gyerek apja az asszony élettársa volt.",other
9812,Vannak még jó gyerekek,other
1308,"A komáromi szakaszon, a 85-ös és a 94-es km között, Győr elkerülő szakaszán, a 123-as és a 125-ös km között, valamint a lébényi szakaszon, a 142-es és a 148-as km között.",trafic
1696,A magyar gazdaságnak égetően nagy szüksége van a külföldi munkaerőre.,economy
9762,"Val a csoport vezetője, Ezra pedig meg akarja erősíteni pozícióját a hierarchiában.",other
7862,"Mindig szerettem magamat tökösnek és keménynek mutatni, de valójában nem hiszek abban a tételben, hogy egy férfi nem sírhat.",other
1982,"A miniszter remek hírnek nevezte, hogy az egyik érintett bizonyíthatóan életben van, és leszögezte, hogy jó lenne megtalálni a másik személyt is, ahogyan az is jó lenne, ha mindketten minél előbb hazatérhetnének.",politics
2024,A Money Heist spin-offja egy friss előzetessel mutatta meg magát.,other
2608,"A sikeres üzletember-feltaláló csak nevet ezen, és közli: 77 évesen is napi 10 órát dolgozik, és igencsak jól érzi magát a bőrében.",economy
933,"A hőcserélő ezután extra hűtőként működik, és a forró levegőt a motorból a belső térbe irányítja.",technology
5192,"Ehhez hasonló, stadionon belüli ütésváltásra, a diósgyőri tábor történetében több mint 24 éve nem volt példa, legutóbb 1999.",sport
8083,"Most m,ár az lenne a meglepő, ha a gázolaj nem csökkenne 600 forint alá.",economy
9733,"Utóbbi létesítmény tesztversenyek után az utánpótláskorú versenyzőknek rendezett fedett pályás országos bajnokságnak adott otthont, majd a felnőttek is itt küzdöttek meg a bajnoki címekért.",sport
3605,Az eljárást ismerő források szerint a napvilágra került esetek immár rendszerszintű problémára utalhatnak.,politics
9933,Viszont ugyanígy hős is lehet egy csoporttagból.,other
2971,"A Tesla és a Twitter vezérigazgatója, Elon Musk új mesterséges intelligencia (AI) kutatólaboratóriummal tervezi meglovagolni a ChatGPT chatbot sikerét.",technology
6345,"Hangsúlyozta, számára a világ közösségének erre adott reakciója volt fontos, és megköszönte a támogatást.",politics
2653,A Svájc által az országban lévő orosz eszközök feltárására hivatott hivatalnokok enyhén szólva gyengén teljesítettek.,politics
1828,"A megoldás kulcsa az, hogy az országba jönni akaró migráns hol tartózkodik addig, amíg elbírálják a belépési kérelmét – tette hozzá.",politics
2252,A nyíregyházi zenekar igyekezett Marco Rossi szövetségi kapitány kedvében járni.,other
5779,"Ezen az sem változtatott, hogy a pandémia vége óta az átlagosnál jobban emelkedtek a jegyárak.",economy
3450,"Az átvételkor a jogosultság igazolásával előzetes igénylés benyújtása nélkül is lesz lehetőség az utalványt átvenni, ebben az esetben azonban hosszabb ügyintézési időre kell számítani a helyszínen.",other
3829,"Az euró jegyzése a hétfő kora esti 1,0918 dollárról 1,0926 dollárra változott.",economy
6406,"Hat évvel ezelőtt úgy éreztük, hogy nekünk ebből elég volt, mi beakarjuk utazni a világot ezért lépnünk kell, mielőtt túl késő lenne.",other
81,"A 70-es években nincs olyan örömtanya, mulató vagy bordély, ahonnan ne fizetnének sápot Thaisznak.",other
6803,Itt vannak a valós adatok: az orvosok döntő többsége tagja maradt a kamaránakAz orvosok 80 százaléka megerősítette kamarai tagságát.,politics
4667,Bujdos Tibor fotóriporterünk megörökített egy-egy csodás fát vagy virágot: legyen mire emlékezni az év többi részében.,other
2510,A Reuters hírügynökség szerint már legalább tizenkét ember meghalt a péntek hajnali orosz támadásokban Ukrajnában.,politics
5564,És hogy mit kapunk ennyi pénzért?,other
4394,Az ukrajnai következtében a lengyel piacot elárasztó olcsóbb ukrán termékek kérdése megosztónak bizonyult az októberi lengyelországi országos választások előtt.,politics
8132,"Mutatunk most néhány panelt, hogyan mondhatunk nemet másoknak a munkában.",other
5243,Élete első felnőtt egyéni öttusa világversenyét nyerte szombaton Guzi Blanka.,sport
1354,"A kormány eredetileg úgy hirdette meg a programot, hogy annak fő célja az elhanyagolt iparterületek városi szövetbe való visszaillesztése, amelyekre az önkormányzatok tehetnek javaslatot.",politics
1399,A következő meghallgatásra augusztus 28-án kerül sor.,other
7978,"Mire összekuporgattam a pénzem, elfogyott a fa, most meg nem sok jóval biztatnak – kesergett egy Himodon élő nő.",other
7141,Komoly anyagi gondjaik miatt azonban a Piarista Gimnáziumban működő ukrán program közösségi adománygyűjtésbe kezdett.,economy
2881,"A tanulók Petőfi-költeményeket szavaltak és megzenésített verseit énekelték, előadást Hadnagy Gizella tanítónő tartott.",other
1500,"A kutatásból kiderül, hogy 2023 elején egyelőre nem érzékelhető válság a magyar munkaerőpiaconés a bérigények növekedése egyre nagyobb kihívást jelent a vállalatok számára.",economy
6458,"Hétfőn hivatalosan jelezte indulási szándékát Mike Pence volt alelnök is, amikor benyújtotta a jelöltséghez szükséges nyilatkozatot az Egyesült Államok központi választási szervéhez.",politics
8779,"Pörög az újépítésű lakáspiac a Balatonnál, mondta a Balla Ingatlan siófoki irodájának vezetője Ingatlanüzlet című műsorunkban.",economy
1784,"A második negyedévben a vártnál nagyobb mértékben gyarapodott az Egyesült Államok bruttó hazai terméke a washingtoni kereskedelmi minisztérium statisztikai intézete, a Bureau of Economic Analysis (BEA) csütörtökön publikált előzetes kalkulációja alapján.",economy
4822,"Dél-koreai látogatásának második napján a főtitkár a többi között kitért arra, hogy a nukleáris elrettentés mindaddig szükséges lesz, míg autoriter államok nukleáris fegyvereket birtokolnak, és fejlesztenek.",politics
4855,"De remélem, hogy egyszer sikerülni fog!",other
4191,"Az ősz egyik természetes velejárója, hogy lehullanak a falevelek, ebből eredően az ősz nem kevés feladatot jelent a városüzemeltetés számára.",other
8730,Persze a hazai ügyvédi irodák is szívesen dolgoznak az államnak.,politics
648,"A folytatás nagy küzdelmet hozott, s bár mindkét gárdának akadtak lehetőségei, a szünet előtt három perccel a hazaiak törték meg gólcsendjüket, így a szünetre 1-1-es állással vonultak a felek.",other
8347,"Nem kenyeret és cirkuszt kínált a tömegeknek, hanem félelmet és gyűlöletet.",other
2522,"A ritka palackért 750 000 és 1,2 millió font közötti összeget vártak, de a becsléseket felülmúlva a licit szombaton 2 187 500 fontot (vagyis mintegy 946 millió forintot) ért el, ezzel új eladási rekordot beállítva.",economy
3395,"Az amerikai tőzsdén jegyzett kínai vállalatok 3,8 százalékkal emelkedtek tegnap.",economy
2441,"A reform nem módosítja jelentősen az úgynevezett dublini rendszert, amely előírja, hogy az EU területére érkezőknek abban az uniós országban kell védelmet kérniük, ahová először belépnek.",politics
6571,Hozzátette: ezért hazánk számára kulcsfontosságú az új atomerőművi blokkok gyors megépítése.,technology
5491,“Erdély mindörökre román föld marad”.,politics
2480,"A rendőrség, a Magyar Közút, és a Kormányhivatal közösen kezdeményezte, hogy az elkészült szakaszokon a KRESZ hatályban lévő sebesség határait lehessen alkalmazni, de nem kaptak még erre választ.",trafic
6158,"Gázában több mint kétmillió palesztin él egy szűk földsávon, amelyet „a világ legnagyobb szabadtéri börtönének” is nevezik.",politics
5315,"El se mozdult mellőlem, így született meg a Hosszú, rögös út című dal, amit ott írtam meg és aminek első sora a történteket idézi fel: „Hosszú, rögös ez az út, melyről nincsen visszaút.",music
3958,"Az Infobae azon kérdésére, hogy a cölibátus visszavonható-e, Ferenc pápa igennel felelt.",politics
9028,Sokoldalú ember volt.,other
9730,"Utóbbi évek egyik legkiegyensúlyozottabb idénye zajlik most, senki nem tudja megmondani, hogy ki lesz a végén az első.",sport
9855,"Végképp nem kell, hogy szállítsuk őket sehova.",other
3758,"Az eredmény minden, csak nem megnyugtató.",other
5058,"Egyfelől saját belső fogyasztására építeni, másfelől a vele baráti országokkal létrehozni az „Egy övezet, egy út” kezdeményezést, és ezzel megteremteni a maga saját külkereskedelmi csatornáit.",economy
6529,"Holott a kezdet sem volt egyszerű, hiszen a koronavírus-járvány évében érkeztünk, és három hónapra munka nélkül maradtam a covid miatti szigorítások következtében.",other
6882,"Johnt és szeretteit viszont nemcsak megfenyegették, de meg is ütötték a fiatalt.",other
9718,"Utána még Mitchell McDiarmid is megelőzött, így be kellett érnem a harmadik hellyel.",sport
2029,"A mostani áresésben így természetesen szerepet játszik a növekvő amerikai kitermelés, de ez önmagában nem lenne elegendő: sok múlik az olajexportálók szervezeten és a velük társult államokon (OPEC+).",economy
8528,"Októberben Prágában lesz estje, de a város alpolgármestere arra kérte a befogadó intézményt, hogy mondják le az alkalmat, mivel az énekesnő az ukrán szankciós listán is szerepel.",politics
3582,"Az éjjel Odesszát érte újabb raétatámadás, civil áldozattal - a legnagyobb templomot is találat érte.",politics
8973,"Sepsiszentgyörgy önkormányzata a napokban az alábbiakat közölte közösségi oldalán, két fénykép alatt: „Mindössze ennyi maradt a szépmezői betlehemesből, miután ismeretlenek megrongálták azt.",politics
8937,"Sajnos Csongrád-Csanád vármegyében több generátor kezelőjét is megfenyegették, követelték a rendszer leállítását, holott azzal hatalmas gazdasági károk keletkeztek volna egy jégeső során.",economy
4099,Azonban mi akkor is kitartunk a béke mellett!,politics
347,A csalásokkal közel 12 millió forintot csalt ki az áldozattól.,other
8824,"Ragaszkodott hozzá, hogy a vitát ő zárja le, ezért életveszélyes sebet ejtett Martin fején.",other
3406,"Az antibiotikumokat is érinti a hiány, de ez csak egyes gyártóknál jelentkezik, és vannak helyettesítő termékek.",other
1341,"A kora hajnali órákban nagdrág nélkül mászkált, és lakóházak kamerás csengői előtt lóbálta a péniszét, majd behelyezte azt a henger alakú postaládákba.",other
8637,"Ösztönösen több cukrot szeretnél enni, hogy újra energiához juss – és itt a pillanat, hogy ellenállj a kísértésnek.",other
1954,"Ami mindent, de mindent magában foglal, amit Gulyás Gergelyről e pillanatban gondolunk.",politics
4309,"Azt már Nagy Sándor, városfejlesztési alpolgármester mondta el a Népszava érdeklődésére, hogy a lehetséges befektetővel folytatott tárgyalások még nem jutottak el abba a szakaszba, hogy hivatalos bejelentést tehessenek.",politics
4368,Az újjászületésre a jelek szerint egészen mostanáig kellett várni.,other
9875,"Végül sikerrel járt, részben sportolói múltjának köszönhetően.",other
7707,"Míg a 2022-23-as fűtési szezonban a rezsicsökkentett árak tényleg komoly megtakarítást jelentettek a nemzetközi piaci árakhoz képest a magyar lakosságnak, addig a mostani helyzetben már jóval kisebb az árelőny.",economy
4540,"Bármikor elkezdődhet az építése annak a Fekete-tenger alatti vezetéknek, amelyen keresztül Magyarország és Románia georgiai és azeri megújuló energiaforráshoz jutna, lehetővé téve az orosz energiahordozók kiváltását.",economy
669,A fotók tanúsága szerint ide is unokái kíséretében ment.,other
5245,"Életre szóló élmény volt a hozzánk érkező érdekes emberekkel találkozni, beszélgetni.",other
2277,"A pandémia után még mindig sarkalatos kérdés, hogy mikor lesz képes a turizmus arra a mutatványra, mint a Covid előtti időkben?",economy
8235,Néha van egy-egy televíziós szereplésem.,other
9901,Veszélyes közúti körülményekre hívja fel a figyelmet a Magyar Közút -oldalán.,trafic
1728,"A Magyarország irányából a kampányban hirtelen Szlovákiára zúduló migrációs hullám miatt politikusok sora vádolta meg az Orbán-kormányt, hogy szándékosan, Robert Fico kampányának támogatása céljából irányították a menekülteket a szlovák határra.",politics
9053,"Sőt, elárulja azt is, milyen módon próbál minden korábbi emberi viszonyt helyreállítani, illetve feleségéről és gyermekeiről is beszél.",other
1969,"A miniszterelnök is ezt tette, és mindenkinek azt javaslom, hogy tegye is ezt.",politics
842,"A házasok és gyermekeik pedig azóta is szüntelen ott vannak, ott töltenek minden ünnepet.",holidays
6335,"Ha nem támadnak meg minket, nincs okuk az aggodalomra, mert nem fogunk harcolni"" - fűzte hozzá a Fülöp-szigeteki államfő.",politics
9917,"Vilmos herceg és Katalin hercegné rendkívül aranyos fotót osztott meg gyermekeikről, Györgyről, Saroltáról és Lajosról karácsony alkalmából.",holidays
9608,"Ugyanebben az interjúban azt is megjegyezte, hogy az eredeti film „rendkívül elavult”, már ami „a nők hatalmi szerepeiről alkotott elképzeléseket illeti, és azt, hogy egy nő mire hivatott a világban”.",other
6204,"Gyakorlati megoldást egy aktív kutya jelenthet, ha játéknak fogja fel a gém elüldözését.”",other
322,"A cikk szerint a Puskás Arénában gyönyörű gólpasszt is jegyző 19 éves szélső „megmutatta, miért ő Európa egyik legfényesebb tehetsége.”",sport
6758,"Intenzív osztályon kezelik azt a három éves kisfiút, akire brutálisan rátámadott egy kutya, miközben szüleivel volt.",other
240,"A boszniai Szerb Köztársaság légirendészeti szolgálatának helikoptere vasárnap délután 20 bevetés után sem tudott közel kerülni a sérült hegymászóhoz, aki négyszáz méter magasan lógott a függőleges sziklán, írja az MTI.",other
9247,Szívhez szóló sorokat tettek közzé a Mályi Madármentő Állomás természetvédői a denevérek védelmében.,other
7455,"Mára már kimondható, hogy az emberiség jóléte ebben a formában fenntarthatatlan – fogalmazott a szakértő.",other
6190,"Grúziában, Romániában, Horvátországban, Nagy-Britanniában és most már hazánkban is lehetett földmozgásokat érzékelni.",other
9060,Sőt szervizelési lehetőséget is biztosítanak a számukra.,technology
7433,"Makray Balázs elmondta, hogy igyekeztek csatlakozni minél több kezdeményezéshez.",other
8753,"Petőfi 200 – A költő nyomában Szatmárban címmel tart előadást dr. Kiss Kálmán főiskolai tanár, a Nyíregyházi Egyetem oktatója április 12-én, szerdán 16.30-tól a megyei könyvtár konferenciatermében.",other
7973,"Mióta van meg az adott ruhadarab, és milyen állapotban van?",other
1559,"Áldozatok nem voltak, károk nem keletkeztek – írja a TASZSZ.",other
7535,"Mediációs kapocsként is működünk, ugyanis szoros szakmai kapcsolatban állunk a vásárhelyi szociális ellátórendszer kollégáival” – tette hozzá Zoltai Csaba.",other
2864,"A találkozó során Zolival megnyílnak egymásnak, és szóba került a szüleikkel való viszonyuk.",other
4796,"Debrecen mellett épül a BMW-gyár, ahol kulturális pszichológusként az a feladatom, hogy felkészítsem az idejövő német menedzsereket a helyi kulturális környezetre.",economy
4886,"Drámai események zajlottak le Mosonszolnokon szombat délután, ahol egy kétéves kisfiú játék közben felmászott a kerti medence létrájára, és beleesett a vízbe.",other
5913,"Ezt a tavat azért szeretem, mert intenzíven telepített halak vannak benne, ha a Krasznán húsz évig horgásznék, akkor sem fognék ilyen szép amurt.",other
3485,"Az eddigi hírekkel ellentétben valószínűleg nem egy fegyver lövedékéből, hanem csőbombából származó repeszek sebesítették meg a magyar katonákat Koszovóban.",politics
1221,"Akiket te megöltél, nem sakkfigurák voltak, hanem emberek, akiket hazavárt a családjuk.",other
6678,Így az idén már egy (nem is akármilyen kvalitású!) külföldi sztár is fellépett az egyre népszerűbb programsorozat keretében.,other
2276,"A panasznak persze nincs jogalapja, és nyilvánvalóan nem lehet érv az ellenőrizetlen élelmiszer-behozatalra egy tagországba”",politics
4315,"Azt mondta, csupán a katolikus erkölcsi tanításra utalt, amely szerint a házasságon kívüli szexuális aktus bűn.",other
7831,"Mindezek mellett a polgármesteri hivatalnak célja, hogy a jelenleginél is kisebb legyen a repülőtér környezetének zajterhelése.",politics
3381,"Az amerikai és az orosz külpolitikára is jellemző ez a nagyhatalmi autizmus, de a kínai kommunista vezetőkkel szemben lényegesen nagyobbak a belpolitikai követelmények.",politics
7526,"Máté Antal, Nyírbátor polgármestere volt a podcast vendégünk, aki elmesélte, hogy milyen változásokon ment át az utóbbi fél évszázadban a város.",politics
5060,"Egy freiburgi esetben ugyanis feltűnt a hatóságnak, hogy míg az injekciós segédeszköz az eredeti változatban világoskék, a hamisítvány viszont sötétkék, a toll végén lévő injekciós gomb pedig az eredetin szürke színű, a hamisítványon viszont kék.",other
9745,Vagy akár az ajándékozó rokonok is rögtön utalhatnak.,other
1822,"A megkérdezettek többsége követ valamilyen diétát, a speciális élelmiszerek beszerzését azonban több tényező is nehezíti, leginkább az áruk.",other
5419,"Ennek eleme egyfajta ""hazafias zsarolási"" is: aki ellenzi a kormányprogramot, azt megbélyegezhetik, hogy nem igazi patrióta.",politics
6782,Itt a válasz az örök konyhai kérdésre: benne hagyhatjuk a fakanalat főzés közben az ételben?,other
2272,A pályázatokat január 31-ig lehetett benyújtani.,other
1080,"A karbantartás és az esetleges meghibásodások javításának terhe az önkormányzaté, tették hozzá.",politics
4369,Az újjászületett ezúttal szó szerint értendő.,other
4788,"De azt azért nem gondoltam, hogy pár év alatt ebből egy új sportág szökken szárba.",sport
6727,"Ilyenkor el kell engedni.""",other
3077,"A Tyre Collective technológiájának a legnagyobb erőssége, hogy a 10 mikronnál kisebb részecskéket is képes hatékonyan megkötni.",technology
8381,"Nem találtuk a réseket az MTK vonalai között, és nem is kerültünk igazán nagy helyzetbe a gólon kívül – summázott Bárány Donát.",other
8840,Randevúzik-e Orbán Viktor a diákokkal péntek este fél 8-kor?,politics
5674,"Ez a város Joe Biden otthona, ahol általában hétvégéit és szabad idejét is tölti.",politics
6241,"Ha az Egyesült Államok megvétózza a határozatot, az ENSZ Közgyűlése közbeléphet annak elfogadása érdekében.",politics
7102,"Kincses Gyula nevével és fotójával visszaélve reklámoztak egy készítményt, amely ""serkenti a fiatal vörösvérsejtek termelését, és az erek tisztításában és javításában vesznek részt"".",other
1097,"A katasztrófavédelem szerint egy arra közlekedő szabadnapos tűzoltó áramtalanította a járművet, amelynek vezetője saját erejéből ki tudott szállni.",trafic
4960,"Egész életünkben dolgoztunk, soha nem voltunk korruptak, soha nem loptunk – mondta egyikük.",politics
8935,"Sajnos aznap a hőmérséklet elérte a 37,7 fokot, így a járműben még annál is nagyobb hőség tombolt.",other
9458,"Többek között a portugál cég, az EDP vezérigazgatója, Miguel Stilwell is beszélt terveiről.",economy
539,"A felkészülést már meg is kezdték, meg is látogatta őket Drávucz Rita és Flóra.",other
5924,"Ezt el kell fogadnunk – utalt Ralf egyértelműen arra, hogy legendás bátyja továbbra sincs jó állapotban.",other
15,"A 16. futamban a viadalt feladó finn Salonen helyett a másik tartalékversenyző, Füzesi Richárd is bemutatkozott, Magosival vívtak volna csatát, ha a rutinos speedwolfos az első kanyart követően faképnél nem hagyja a többiekkel együtt.",other
5495,"Érdemes kivárni, mert a jegybank folyamatos kamatcsökkentésre rendezkedett be.",economy
5571,És mi mit tanulhatnánk tőlük?,other
6251,"Habár a legfőbb feladatunk az lesz, hogy a hatalmas szörnyeket megállítva rendet teremtsünk Minato apró falujában, jól tudjuk, hogy minden közösség lelke és valódi ereje annak tagjaiból ered.",other
5745,Ezeket a díjakat közzé kell tennie az ügyfelek számára a bankfiókokban és a honlapján – olvasható a közleményben.,economy
2197,"Anime-rajongók előnyben, ugyanis a Shingeki no Kyojin (Attack on Titan) főszereplője, Eren Jaeger skinje is elérhetővé válhat.",other
625,"A fő kérdés mégis az lesz, hogy szórakoztatóbb-e tévézés közben elemezgetni, mint játszani azt.",other
2300,"A PayPal szombaton közölte, hogy felfüggeszti szolgáltatásait Oroszországban, ezzel is.",technology
4824,Délután 8-14 fok között alakulhat a legmagasabb hőmérséklet – közölte az OMSZ.,other
1453,"A központ válaszát így idézte a lap: ""60 napon túli lejárt tartozásállománya a tankerületeknek a tőlük kapott információk alapján 02.28-i fordulónappal összesen 75 millió forint.",economy
1957,"A minap pedig szerkesztőségünket megkereste egy olvasó-riporter is, azt állítva, a válás után Kucsera Gábor ismét egy ismert hölggyel találkozgat.",other
3430,"A zárókoncert vasárnap este Charlie fellépése lesz, a művész 75. születésnapi produkcióját hozza el, amelyet októberben is láthatott már a közönség.",music
2629,"A spanyolok hosszabb gólcsendjét Munarriz törte meg, elöl viszont megint nem jutott el a kapuig a labda a magyar emberelőnyben.",other
4237,"A Zsigmond nevű üzletemberrel két és fél évig alkottak egy párt, de tavaly áprilisban szakítottak, azóta pedig nem beszél magánéletéről az egykori luxusfeleség.",other
7735,Mi lesz az energiaellátással és az árakkal?,economy
1535,A lányok szombaton a Győri Audi ETO KC otthonában kaptak ki 35–23-ra.,sport
6404,Hat ember - köztük egy 17 éves anya és féléves gyermeke - vesztette életét egy lőfegyveres támadásban hétfőn Kalifornia középső részén – közölték a helyi hatóságok.,other
6526,"Hollandia nem hezitál, hanem cselekszik: az Amszterdamtól nyugatra fekvő Haarlem városában például 2024-től betiltják a húsok és húskészítmények reklámozását és a hústermékeket úgy fogják kezelni, mint napjainkban a dohányárut és az alkoholt.",other
1682,"A maginflációs adat azonban 5,2 százalékon stagnál – emelte ki a K&H vezető elemzője.",economy
719,A gépek által készített illusztrációk nem érdekelnek.,technology
6738,"Immár ötödik alkalommal rendezi meg a rendőrség a Light Friday elnevezésű programot, amelynek keretében láthatóságot segítő közlekedésbiztonsági eszközöket kaphatnak a közlekedők.",trafic
7431,Május végén a Körös-Maros Nemzeti Park Cserebökény részterületén egy lucernatarlón több száz madár táplálkozott egyszerre.,other
6374,"Háromszék Kultúrájáért Díjjal tüntették ki a nyolcvanéves Petre Străchinaru nyugalmazott tanárt, művelődésszervezőt vasárnap a román kultúra napja alkalmából az Árkosi Kulturális Központ sepsiszentgyörgyi székhelyén szervezett ünnepség keretében.",other
5659,Ez a „negatív” érzelmek feldolgozásának egy alternatív módja.,other
4958,"Egerben tevékenykedik már több évtizede, manuális és automatizált sebességváltók, illetve ezek alkatrészeinek gyártásával és értékesítésével foglalkozik.",technology
2108,"A napokban azzal került ismét a középpontba, hogy a kisalföldi város díszpolgárának jelölték.",other
2988,A tiltakozások hatására végül az engedélyeztetésben külön eljárás vonatkozik ezekre a növényekre.,politics
334,"A család egyik barátja mondta el, hogy miután felesége meghalt, Michael megváltozott, elcsendesedett, a napi rutinjuk nélkül csak küszködött és mély gyászba süllyedt.",other
2797,A Szlovák Állami Természetvédelmi Hivatal (ŠOP) szerint a medvét minden bizonnyal a melegebb időjárás és az azt megelőző esős időjárás ébresztette fel téli álmából.,other
223,"A bölcsőde két csoport, húsz gyerek befogadására alkalmas.",other
361,"A csatornák évek óta egymásnak adogatják a film jogát, idén pont a TV2-nek jutott, és az első rész hozta is a kötelezőt: a 705 ezres nézőszám kiemelkedett a mezőnyből.",other
9559,"Tudomásom szerint a Wagner-katonák, akik kiváló harcosok, a táborukban tartózkodnak.
9560	Tudomásunk van a Carney amerikai romboló és kereskedelmi hajók elleni támadásokról szóló jelentésekről a Vörös-tengeren és közzétesszük az információkat, amint rendelkezésre állnak - ismertette közleményében az amerikai védelmi tárca.",politics
8612,"Őrtűz ég Erdélyben, a Csíkrákoshoz tartozó Bogát-hegyen Székelyföld autonómiájának napján, október 29-én.",politics
9571,"Túrájuk névadóját egy bokor csúcsán üldögélve látták meg, de a másik két faj példányait is sikerült kiszúrniuk.",other
6387,"Ha strand vagy tó közelében él, érdemes arra is gondolni, hogy az uszkárok kivételes úszók.",other
3893,Az FTC 1971 és 2002 után harmadik alkalommal került a legrangosabb európai kupasorozat döntőjébe.,sport
4075,"Az oldalon töltött idő majdnem három perc, ami szintén kiemelkedő.",other
6515,"Hogy megjöjjön a kedvetek, olvassatok bele a játékról írt tesztünkbe!",other
7477,"Mark Cousins: Mindig ijesztő látni ezeket a nagy vetítéseket, mert az ember tudja, hogy rengeteg filmkritikus van a teremben.",other
5261,Ellátogattunk egy forgalmas belvárosi dohányboltba is.,other
1603,"A legnagyobb importőr az unión belül Szlovákia volt az első félévben, több mint 2 milliárd dolláros értékkel, ennek kicsit több mint felét az olaj adta.",economy
5889,Ez pedig tisztességtelen kereskedelmi gyakorlat.,economy
7169,"Köszönjük, hogy megsértettetek bennünket és mindennek elmondtatok!",other
9527,"Továbbá vizsgálják ki a 4iG finanszírozását, mert annak terjeszkedését, így állami cégek felvásárlását állami forrásból biztosítják.",economy
7150,"Könnyűzenei Intézet szabadon választható kurzusainak szemeszterzáró gálakoncertjére várják az érdeklődőket december 17-én, vasárnap 19 órakor a Debreceni Egyetem Zeneművészeti Karának Liszt termében.",music
1831,"A megsérült vezeték közel 70 éves, és ennek okán is, minden egyes útfelújítás alkalmával szükséges, hogy hozzájáruljunk a munkálatokhoz, hiszen kockázatos lehet bármilyen rekonstrukció – fogalmazott.",trafic
8827,"Rájöttem, hogy soha nem beszélek magammal szépen.",other
7389,"Magyarország egyelőre távol áll attól, hogy önellátóvá váljon az energetika terén, hiszen jelenleg az energiaszükséglet 59 százaléka származik importból.",economy
3982,"Az Ipolyon újabb árhullám indult meg, a tetőzés Nógrádszakálnál kevéssel elsőfok alatt kedd délután, Ipolytölgyesnél szerdán a délelőtti órákban másodfok környékén valószínű.",other
1572,A legérdekesebb összefüggést a közúthálózat kiterjedése és a levegő havonkénti átlagos szálló portartalma között találták az SZTE Földrajzi és Földtudományi Intézetének kutatói.,trafic
961,A home office nem okoz keresletgyengeséget az irodapiacon?,economy
1342,A kora újkorban a vadászat még egyenesen a háború megfelelőjének számított.,other
7634,"Megtiltották, hogy csecsemőit szoptassa, hogy a nagyobb gyerekekkel kergetőzzön.",other
38,"A 2023 és 2026 közötti, hazai költségvetésből fenntartott programot az ez évi 65-ös sürgősségi kormányhatározattal fogadta el a kormány.",politics
9100,"Szakértők szerint összességében nagyon fontos lenne a megelőzés: szabadidős tevékenységek teremtése fiataloknak, megfelelő platformok létrehozása a zenében, a sportban, a kultúra egyéb területein, valamint szakemberek delegálása az iskolákba.",other
20,"A 2000-es évek elején aztán idehaza is nagyon menővé vált a BMX-ezés, sokan vásároltak bringákat, próbálgatták a trükköket.",sport
1867,"Amerikai elemzők szerint a kínai élelmiszerhiány pótlása a nemzetközi kereskedelemre nem bízható, annak megoldása hosszabb távon mintegy 4 millió hektár termőföld pótlólagos - tehát országon kívüli - bevonásával lenne lehetséges.",economy
7127,Kivételt képeznek a nemzetgazdasági szempontból kiemelt jelentőségű beruházás megvalósítására szolgáló ipari területek.,economy
3024,"A történelmi személyiségek megítélése nem érzelmi alapon, hanem tényeken alapul” – nyilatkozta lapunk megkeresésére dr. vitéz Székely Zsolt.",politics
5069,"Egy hetvenes éveiben járó nagymamának öltöztem be, aki az egyik közösségi oldalon próbálta megtalálni álmai férfiját.",other
2945,"A temetkezési vállalkozó feljelentést tett a nő ellen, aki egy halott csecsemőt ütlegelt.",other
2507,"A részvénypiac forgalma 10,6 milliárd forint volt, a vezető részvények ára vegyesen változott az előző napi záráshoz képest.",economy
6197,Gulyás Gergely Márki-Zay amerikai milliárdjairól: nyilvánvaló külföldi befolyásszerzés és korrupció!,politics
6771,Ismét emelkedik a szennyvízben a koronavírus örökítőanyagának koncentrációja.,other
5451,Ennek több mint a fele a Libri boltjaiból és webshopjaiból származik.,economy
4811,De hogy néz ki közelebbről a NASA segítségével készült különös szerkezet?,technology
1505,"A kutató arra is kitér, hogy a személyes, kárpátaljai kapcsolatok révén még inkább fennáll annak a lehetősége, hogy valaki bevonódjon a háborús történésekbe lelkileg.",politics
4277,Azt írják honlapjukon: „Van még néhány hely.,other
2160,A nem mindennapi ajánlatot a szúrta ki.,other
1595,A legkülönfélébb témákban hozott határozatokat a képviselő-testület az idei utolsó tanácskozásán.,politics
9849,"Vecsei H. Miklós és Nagy Katica is arról beszélt, hogy már a szerepre való kiválasztásuk folyamata is pozitív élmény volt, találkozások és beszélgetések közepette zajlott.",other
6656,"Igaz, ilyen eddig még soha nem fordult elő - áll a tájékoztatóban.",other
3320,"Az Airbus SE repülőgépipari vállalat adózott eredménye 6 százalékkal, 1,679 milliárd euróra nőtt a tavalyi utolsó negyedévben.",economy
5354,"Emellett az elemzők 12,8 milliárd forintos hiányt (a GDP 7,5%-a) várnak a tavalyi évre a folyó fizetési mérlegre vonatkozóan, ami idén 5,8 milliárd forintra (a GDP 2,9%-a) javulhat.",economy
5039,"Egyesek szerint viszont egy telefonnal el lehetett volna intézni, hogy olyan erdőbe kerüljön a 60 milliós csodaösvény, ahol a tarvágás nem fenyeget évtizedekig sem akár.",technology
6786,Itt érdemes már hosszabb időre megállni.,other
2154,"A németországi küldetés befejezése után a nürnbergi ügyész visszatért Amerikába, ügyvédi magánpraxisba vágott, de nem bírta sokáig, a közügyek visszaszólították.",politics
5257,"Elkészültének első határidejét 2026. december 31-ben állapították meg, ezt tavaly 2030-ra módosították.",economy
3844,"Az Európai Parlament csak véleményezheti a jelölését, ennek első lépése volt szerdai bizottsági meghallgatása, illetve a szavazás.",politics
5421,"Ennek ellenére belső vizsgálat, vagy szembenézés nem történt Brüsszelben - emelte ki.",politics
7448,"Ma pontosan egy éve, hogy elkezdődött az oroszok Ukrajna ellen indított véres háborúja.",politics
5509,"Erős vegyszereket alkalmazzunk, valamint minden használat után a csapokat és kagylókat.",other
2077,"A nagyböjti időszak ünnepi eseményeinek sorában március 26-án, a vasárnapi szentmisében szolgáltatja ki a városi római katolikus plébánia a betegek szentségét a jelentkezőknek – jelentkezni és érdeklődni a plébánián lehet.",other
4753,Curtis is az alkotók között van.,music
9871,"Végül, ha több ütemben is, és igencsak elhúzó kivitelezéssel, de sikerült az uniótól és a magyar költségvetésből valamivel több, mint 116 millió forintot lehívni a totálisan képtelen ötlet megvalósításához.",politics
6736,"Imádom a könyvet, a feleségem is szereti, így otthon sok könyvünk van, viszonylag sokat is olvasunk.",other
2261,"A nyugati neokonok megint arról beszélnek, hogy védjük meg a „zsidó-keresztény civilizációt a muszlimokkal szemben”.",politics
4702,"Csak amikor robbant a botrány, általánossá vált a felháborodás, akkor lettek harsányabbak a politikusok, és állt Borboly Csaba is rögtön a tiltakozó tömegek élére.",politics
1092,"A kárpátaljai származású pedagógus korábban a határon túl nyolc évig tanított, az ott megszerzett tapasztalatát most itt is kamatoztathatja.",other
1281,"Akkor is, ha a házuk már nem áll.",other
2702,"A »szár« alapjainál porfelhő emelkedett, ami gyorsan elborította a földfelszínt.",other
3421,"Az árak csökkenését a kormányzat által június 1-jén elindított, illetve augusztus 1-jétől kibővített kötelező akciózás is támogatta.",economy
512,"A fehér pólós nyugodt marad, és a többiekkel együtt befordul az erdőbe.",other
9027,Sok modern rendszer a csevegőrobotokkal és előre megírt tudásbázisokkal megáll az automatizálásban.,technology
4989,"Egy beszélgetésben néhány napja vetettem fel, hogy rég hallottam Szegedi Erikáról.",other
1992,"Amint arról lapunk is beszámolt, két svéd futballszurkoló hétfő este a Belgium-Svédország labdarúgó meccsre tartott a brüsszeli Baldvin király stadionba, amikor egy robogóval érkező férfi géppisztollyal tüzet nyitott a taxira, amelyben utaztak.",other
3906,"Az idei évhez képest a bevételek három, a kiadások 11,2 százalékkal nőnek.",economy
1223,"Akik ezúttal is vállalták a megmérettetést, és a kollégák aktív bevonásával teljesítették az aktuális kihívásokat: Biró András – DevZone Kft., Kürti Zsolt – WG-Planmode Kft.",other
624,"A fogyasztói bizalmi index idén folyamatosan emelkedett a tavalyi mélypont után, de még így is 2020-2021-es szinteken áll.",economy
9037,"Sok vallásban és spirituális hitben egy kör képviseli az isteni életerőt vagy szellemet, amely mozgásban tartja valóságunkat.",other
9994,"Zolit az utolsó randi győzte meg igazán, amikor Betti a családjához vitte őt.",other
5182,"Egy vállalkozó barátom ötlete volt, hogy csináljuk meg az MVM Dome-ban, ami több mint tízezer ember befogadására is alkalmas.",other
2476,A rendőrök letartóztattak és vádat emeltek egy tinédzser ellen.,other
762,"A gyógyszerei azonban hatékonynak bizonyultak, ám egy ideje nem volt hajlandó azokat bevenni.",other
8686,"Pártolói a fiatal, feltörekvő, önmegvalósító női vezetők új generációjának példaképét látták benne, kritikusai viszont azt hangoztatták, hogy kormányfőhöz méltatlanul és felelőtlenül viselkedett.",politics
9968,Washington Post szerint hiteles a videó.,politics
1884,"A Metinvest Holding a világ acélpiacának fontos szereplője – az ukrán székhelyű cégcsoport jelentős bázisokat működtet a régióban is, de olasz, spanyol és holland érdekeltségei is számottevőek.",economy
6211,Gyengült a forint a főbb devizákkal szemben az előző esti jegyzéséhez képest péntek reggelre a nemzetközi devizakereskedelemben.,economy
6835,Játékban sokat léptünk előre az elmúlt héthez képest.,other
4419,Az ülések anyagából évente tanulmánykötetet szerkesztett.,other
5166,Egy társasház földszintjén elektromos kapcsolószekrények gyulladtak ki.,trafic
6408,Hát kellett ez neki?,other
8209,Naszrallah a Hezbollah vezére beszédet intézett híveihez és a világhoz a mártírok napján.,politics
9946,"Volodimir Zelenszkij csütörtökön rendkívül brüsszeli látogatásán sürgette az európai vezetőket, hogy gyorsítsák fel a fegyverszállítást, és kezdjék meg az EU-tagsági tárgyalásokat Ukrajnával idén.",politics
2130,"Andrzej Duda lengyel államfő aláírta a „lex Tusknak” nevezett törvényt, amelynek legfőbb célja az ellenzék és a Polgári Platform vezetője, Donald Tusk ellehetetlenítése az év végén esedékes parlamenti választás közeledtével.",politics
7737,Mi lesz ma a vacsora?,other
8966,"Sem bolti, sem online vásárlások esetében nincs különbség a különböző típusú kártyák használati lehetőségei között, így ezzel évente több ezer forintot lehet spórolni.",economy
8860,"Releváns alapkérdés lett szerintük tisztázva azzal, hogy a szülők kötelessége nyilatkozni arról, hogy gyermekük érintett-e fokozott kockázatú allergiával.",politics
5556,"És ez a szomorúság, amiből nem lehet kijutni, inkább költői, mint drámai.",other
1256,"A kismama minden fotón mosolyog, pedig nem állnak mögötte könnyű hónapok.",other
749,A gyanúsítottak ellen elfogatóparancsot adtak ki.,other
4249,"Aztán, amikor végre sorra került az illető, általában azt mondták, hogy ""sajnos pech, de elfogyott"".",other
2333,A platform jelentős előrelépést jelenthet a nagy intézmények közötti értékpapír-mozgatás hatékonyabbá tételében.,economy
829,"A hatóság a bíróság előtt jelezte, hogy nem ért egyet mindezzel.",politics
319,"A cikk Magyarországon is több lapban megjelent, többek között a is.",other
1966,"A minimum-hőmérsékletek 4-12, a maximumok 16-22 fok között alakulnak.",other
5915,"Ezt az első pillanatban beterjesztenénk és elfogadnánk, ami erős gesztus lenne az LMBTQ-közösség felé” – jegyezte meg.",politics
7497,Már régóta napirenden van schengeni egyezményhez való csatlakozásának kérdése.,politics
24,"A 2013-ban indult Tiszai PET Kupa szervezője, a Természetfilm.hu Tudományos Filmműhely Egyesület sok évnyi folyótakarításban szerzett rutinjával vágott bele az IPK megrendezésébe.",other
765,A Gyulát és a szegedi Tisza Volánt is magabiztosan verték Deák Tamás tanítványai.,sport
3033,A törvénytől eltérő módon rendelik ki munkavégzésre az orvosokat a Magyar Orvosi Kamarához.,politics
3852,Az Európai Tanács elnöke hamisnak és képmutatónak nevezte az egyoldalú orosz fegyvernyugvásról szóló bejelentést a Twitteren csütörtökön közzétett üzenetében.,politics
497,"A dzsungelláz olyannyira égett, hogy a túlélőshow kreatív producerével, is rengeteg embert érdekelt.",other
7170,"Köszönöm Istennek, hogy a zenei irányba dobott bennünket.",music
2051,A múlt heti csúcstalálkozót követően különösen felerősödtek a budapesti kabinettel szemben erőteljesebb brüsszeli fellépést követelő hangok.,politics
8534,"Olaszország fontos partnerünk és érdekeltek vagyunk abban, hogy kölcsönös tiszteletre építve a kapcsolatainkat fejlesszük - mondta.",politics
6029,"Felborult egy autó, egy kisgyerek megsérült2023.",trafic
5766,"Ezek szerint akkor is, ha isteni üzletről van szó.",economy
9460,"Többek között azt is kiemelték, hogy a kellő információhiány miatt van aggodalom a társadalomban, amely az átláthatósággal csökkenthető lenne.",politics
7625,"Megpróbáltunk eleget tenni azoknak, amit a szerződési feltételekben leírtak, a bíráskodás is korrekt volt, persze időnként előfodultak nézetkülönbségek az edzők és a bírók között, de ezeket elsimítottuk.",other
7211,"Közlik velük, hogy most van az adott lehetőség, még tudom tartani egy fél napig, ezt most kell csinálni.",other
94,"A Bacardi például azzal csapta ki a biztosítékot, hogy bár 2022 tavaszán több más alkoholgyártó és -forgalmazó céggel együtt azt nyilatkozta, kivonul Oroszországból, mégis maradt.",economy
6584,Hozzátette: Joe Biden amerikai elnök szintén ezt szeretné.,politics
2914,"A tavalyi év végén kinevezett energiaügyi miniszternek meggyőződése, hogy Magyarországnak sokkal beruházás-intenzívebb korszakba kell lépnie az energetikában is.",politics
4136,"Az orosz NLMK acélgyártó cég a cseh autóipar egyik legfontosabb beszállítója, amely a kelet-európai ország GDP-jének mintegy tíz százalékát adja.",economy
6057,Feltűnő az ötágú csillag a vörös pólón.,other
5566,"És itt jönnek az érdekességek: a Putyinhoz hasonlóan Leningrádban született Prigozsin 18 éves korában bűnöző lett, elítélték lopásért, csalásért és rablásért, a bűncselekményekbe ráadásul fiatalkorúakat is bevont.",politics
2977,"A tésztát átlátszó fóliába tekerjük, és hűtőszekrényben pihentetjük, amíg elkészítjük a tölteléket.",other
7951,"Mint mondta, 2016-ban – akkor még megyei – önkormányzat a bölcsődei fejlesztéseket érintő pályázatokra 1,3 milliárdos igényt mért fel a településeken, 2019-re ez a szám 4 milliárd forintra nőtt.",politics
8670,"Panzeri korábban azt vallotta, hogy 120 ezer és 140 ezer euró közötti összeget adott Tarabellának „a Katarral kapcsolatos ügyek intézésében nyújtott segítségéért”.",politics
9807,"Vannak, akik – amolyan aranyásóként – a könnyebbik utat akarják választani, saját bájaikat felajánlva, de akadnak olyanok is, akiket a munka is érdekel.",other
3221,"A videós célja, hogy felhívja a figyelmet a nehéz körülmények között élőkre.",other
1645,"A Litascót mélyen érintette a háború, mivel a bankok visszavonták hitelkereteiket, ami tátongó likviditási válságot okozott.",economy
7962,Mint mondta: élete legpokolibb ünnepe elé néz a család.,other
8222,"Negyvennégy, egyenként körülbelül tíz köbméter térfogatú hűtőtornyot tervezünk elhelyezni a gyár tetején.",technology
9357,Taylor Swift esetében körülbelül 10 órányi adatot gyűjtöttem.,music
1244,"A kisebbségi csoport azt is sérelmezi, hogy az ukrán menekülteknek az állam lakhatást, ellátást és iskolai férőhelyeket biztosít az ukrajnai háború kitörése óta.",politics
34,"A 2023-as cél, hogy az áremelkedéseket visszaszorítsuk tíz százalék alá, már teljesült, sőt lehet, hogy az év végére hét százalék alatt lesz, jövőre pedig már öt százalék körüli szintet tűzhetünk ki.",economy
6047,"Fellép többek között Vecsei H. Miklós és a QJÚB, a Muzsikás, Berecz István, Lackfi János, a Kaláka, Rátóti Zoltán, Lovasi András, a Laposa Julcsi Band, valamint az Eucharist és Mező Misi.",music
2738,"A szerelmesek egyébként New Yorkban élnek, de természetesen rengeteget utaznak, így az sem kizárt, hogy Dylan Budapestre is elkísérte Barbarát.",other
3798,"Az esküvő másik oka az volt, hogy egy olyan egészségügyi krízisbe kerültem a vesém miatt, hogy úgy tűnt, a következő hónapot sem élem meg.",other
8421,"New York Giants) 42,06 millió nézőt vonzott a csatornára, ezzel a legnézettebb szezonbéli mérkőzés volt.",sport
9493,"Több tucat, szebbnél-szebb beérkezett rajz megnehezítette a zsűri döntését, de sikerült 4 művet kiemelni.",other
4406,"Az ukrán háborúval felerősödő energiaválság még az eddiginél is nagyobb figyelmet, és ezzel együtt piaci és állami forrásokat juttatott a különböző, nem fosszilis energiatermelési megoldások kutatásába.",economy
555,A felvételeket állítólag Kim Dzsong Un is megtekintette.,politics
6806,"Ivánka Mária négyszeres sakkolimpiai ezüstérmes és Welterné Ivánkay Mária, a Nemzet Sportolója, nyolcszoros siketolimpiai bajnok.",other
5560,És ezt kell látni a sakkban.,other
7912,"Mintha személyes mulasztás, és nem rendszerszintű probléma lenne a bajok legfőbb forrása, amit gyors bűnbakkereséssel kezel a média és a politika.",politics
213,"A Blade 16 köbhüvelykenként 35 százalékkal több grafikus teljesítményt képes leadni, mint bármely más jelenleg kapható 16 hüvelykes gamer laptop.",technology
2283,"A parancsnok arra is kitért, két olyan nagyobb eseményük volt 2022-ben, amiből a kollégák rengeteget tanulhattak, fontos és hasznos tapasztalatokat szerezhettek további tevékenységükre nézve.",other
89,"A 9to5Google szerint, akit letiltunk az egyik szolgáltatásban, az a másikban is elnémul.",technology
2994,"A tiszavasvári önkormányzati és a tiszadadai önkéntes tűzoltók a műszaki mentés során áramtalanították az autót, amelyben négy ember utazott.",trafic
7214,"Közölték azt is, hogy 302 betegtől érkezett légúti minta az laboratóriumába az elmúlt héten.",other
9907,"Vig Dávidnak a balliberális sajtóban megjelent cikkei és a közösségi oldalán látható bejegyzései is egyértelműen igazolják, hogy az Amnesty politikai szerepet vállal.",politics
6589,Hozzátették: második éve működik az MCC Egyetemi Programja a Miskolci Egyetemen.,other
1566,"A legdrágább koporsó 1972-ben, úgy emlékszem, 1100 forintba került, és aki olyat vásárolt, az már nagyon gazdag embernek számított.",other
2449,A regisztrálók közül kisorsoltak egy kifejezetten erre az alkalomra fejlesztett tanpályán mérhetik össze ügyességüket.,other
7667,"Mert én nagyon szerettem ezt a mozgást, ami van, megszerettem és beleszerettem ebbe az egészbe, Még a koránkelés is fog hiányozni, de meg fogok próbálni ezentúl is korán kelni, mert nagyon jó tett ez a rendszeresség.",other
1085,Akár lejáratkori tőkegarancia mellett is a kockázatmentes hozamoknál magasabb megtérülést tudnak ezek a strukturált termékek biztosítani.,economy
5239,Elemzők szerint a kémkedés vádjával március óta orosz rácsok mögött lévő amerikai újságírót és a kiberbűnözés vádjával amerikai őrizetben lévő Vlagyimir Dunajevet érintheti a fogolycsere.,politics
150,"A befektetési alapkezelők is hasonlóképpen járhatnak el, ha más EGT-tagállamban szeretnének tevékenykedni.",economy
3072,"A tűzoltók az utasok biztonságos átkísérésében nyújtottak segítséget, miután elgázolt egy embert egy személyvonat Emődön, a Vasút utcai állomás előtt.",trafic
6294,"Hajvágásra jelentették be, én pedig meg is csináltam, amit kért.",other
1679,A magánrendelések felé veszik az irányt a magyarok.,other
4160,"Az Országos Mentőszolgálat legújabb bejegyzésében részletesen elmesélte, hogyan küzdöttek a megkéselt fiatal rendőr, Baumann Péter életéért.",other
488,"A Dunántúlon néhol gyenge eső előfordulhat, másutt csapadék nem valószínű.",other
4027,Az MCC hat évvel ezelőtt nyitotta meg kapuit a Beregszászon.,other
7685,"Mezőgazdasági, állattenyésztési és ökológiai vonzatai vannak.",economy
7325,"Lehetséges volna, hogy végül mégis megszólalnak a fegyverek?",politics
8298,"Német oldalon a tíz éve az NBA-ben edződő és a 2021 óta az Orlando Magicet erősítő 14-14 pontnál tartott, míg a szerbeknél (Atlanta Hawks) 15-tel vitte a prímet.",other
6409,"Hat nappal ezelőtt, július 13-án késő este egy 27 éves nőt holtan találtak a rendőrök XIII.
6410	Hat perc gólcsend után büntetőből volt eredményes a fővárosi együttes, majd Garbin tette kerekké a különbséget (43-23), húsz lett közte a félidőre is (47-27).
6411	Hát, remélem jobb lesz mint a Christian Clavier-es 6 részes Napóleon tv sorozat.
6412	Hat százalék alá eshet az infláció év végére az MNB igazgatója szerintA jegybank a háztartási fogyasztás idei 3 százalékos csökkenése után jövőre már 2,8-3,5 százalékos bővüléssel számol.
6413	Ha tudunk rá pénzt szerezni, újítsuk meg, de nem kell mindenáron ezt tennünk.
6414	Ha túl rázósnak ítéljük a szituációt - semmi gond -, bármikor megállíthatjuk az időt, és kényelmesen kiadhatjuk a parancsokat a tengerészgyalogosainknak.
6415	Hátul továbbra is remekül dolgoztak a csapatok, de a góltermés sivár volt.
6416	Ha ugyanis meleg az idő, a vízcseppek elpárolognak, mielőtt elérnék a növény gyökereit.
6417	Ha ugyanolyan erőfeszítésem és elkötelezettségem lenne, jobb lennék nála.
6418	Ha ügyes vagy, akkor megvásárolhatod az olcsóbb szövegíróktól az anyagokat, átírod, kijavítod a hibákat és eladhatod drágábban.
6419	Ha utazhatnék az időben, megnézném a XIX.
6420	Ha valahol kockázatot látunk, azonnal kezeljük.
6421	Ha valaki egyszerűbbel is beéri, akkor 25 ezer környékén is meg tud szállni.
6422	Ha valaki korábban tíz tojást vett, az most kilenc, ha kilós kenyeret vett, az most 900 gramm.
6423	Ha valakinek tudomása van arról, hogy valakit erőszakkal, zsarolással, bántalmazással vagy fenyegetéssel félelemben tartanak, kizsákmányolnak, vagy engedelmességre kényszerítenek, akkor tegyen bejelentést a rendőrségen.
6424	Ha valaki Párizsba megy, provokációba ütközhet.
6425	Ha valóban nagyjából ez a forgatókönyv következik be, akkor bizony a jelenlegi, 12-16 százalékos kamatok és hozamok mellett eléggé megéri állampapírokba fektetni a következő egy évre.
6426	Ha Varga Zoltánnak lenne önbecsülése, már régen befejezte volna politikai pályafutását, ugyanis bizalmat soha nem kapott a debreceniektől.
6427	Havasi Bertalan a hírportállal azt is közölte: Orbán Viktor részt vesz a jövő csütörtök-pénteki brüsszeli EU-csúcson.
6428	Havasi Bertalan, a miniszterelnök sajtófőnöke arról tájékoztatott, hogy a megbeszélésen a magyar-osztrák kapcsolatokról, az orosz-ukrán háborúban a béke megteremtésének lehetőségeiről esett szó.
6429	Ha végignézzük a határait, akkor túl sok barátságos országot, Oroszország és Észak-Korea kivételével nem találunk.
6430	Ha végigtekintünk a magyar nemzet történelmén, akkor látjuk, hogy a mi esetünkben a kereszténység és a magyarság mindig kéz a kézben járt egymással.",politics
4297,"Azt is megjósolja, hogy Sussex hercegnőjének ""szívfájdalma lesz"", de ""nem Harry herceggel "", miközben gazdasági hanyatlást és sok női híresség sikerét jósolja.",other
3284,"A World Tour és a Fighting Ground tehát rengeteg egyjátékos tartalmat ígérnek, akad azonban egy harmadik nagy menüpont is: a Battle Hub.",other
2675,"A szakértők, akiket a TASR helyi hírügynökség idézett, úgy vélték, hogy a két kocogó megzavarhatta a medvét, amely ezért támadhatott rájuk.",other
7936,"Mint kiderült, rövidül az alapképzésre épülő szakmai alapképzés ideje is.",other
5117,"Egy nagyobb alapot már kiöntöttek, a többi részen javában dolgoznak.",other
2789,A színház adott otthont az America's Got Talent forgatásának is!,other
7340,Lépni kell és felvenni a harcot.,other
2069,"A műszaki mentés idejére az utat lezárták, kerülni Magyarbánhegyes felé lehet.",trafic
4794,"Debrecenben, Szegeden, Pécsen, Miskolcon és Kecskeméten például a szigetelt házaknál 483-99 ezer forint, a lakások 478-876 ezer forint az átlagos négyzetméterár, ez várostól függően 6-60 százalékos többletet jelent.",economy
9030,Sok pénz hiányzik idén a nyugdíjasok pénztárcájából.,economy
8944,"Sajnos nem Guszti az egyetlen, akinek meg kellett küzdenie a démonaival, a Bors összegyűjtötte azokat sztárokat, akik már mind megjárták a poklok poklát, de újra tudták kezdeni az életet.",other
8961,Sebastian Vettel a napokban nosztalgikus képet posztolt az Instagram oldalán Michael Schumacherről.,other
8742,"Persze lehet, hogy több mint 2 év alatt sokat fejődött, a személyisége is változott, és a közös zsűrizés csak megerősíti kettejük szerelmét.",other
7429,"Május óta a Fidesz tábora valamelyest kisebb lett, tavasszal a választókorúak 32 százaléka támogatta, most 30 százalékon áll.",politics
18,A 18 éves versenyző temetése a hollandiai Ridderkerk szélén található Reyerparcban lesz.,other
8316,"Nem gondolom, hogy extrém súlyosságot kell ennek tulajdonítani, de nálunk választási kampány van, ezért tízszer annyira rezonál minden, mint ha tavaly mondták volna.",politics
3479,"Az EBA és az UniCredit Bank összefogásának célja többek között a fenntarthatóság, az innováció, a digitalizáció ösztönzése.",economy
2672,"A szakember szerint leegyszerűsítve úgy képzeljük ezt el, hogy az autó, amelyik belerohant az előtte lévőbe, és az orrát összetörte, vétkes, az ő kgfb-je terhére kell megtéríteni az előtt lévő autóban keletkezett kárt.",trafic
6077,"Fiatalként nem igazán vagyok helyhez kötve, így azt is el tudom képzelni, hogy az egyetem után külföldön helyezkedem el. Összességében igyekszek élni az elém táruló lehetőségekkel.",other
9018,"Sok diplomás örült, amikor a városban leesett a hó.",other
5377,"Emil Delibashev ezután részletezte a sok magyart is érdeklő Budapest-London légi kapcsolat alakulását: örvendetes, hogy a magyar és a brit főváros között napi öt járat indul.",trafic
8547,"Olyan jó munka folyt, hogy 1913-ban a vizsgáztatóbizottság a lelkészt az egyházi főhatóság elismerésére és jutalmazására ajánlotta.",other
6894,"Jönnek az új gendersemleges uniós bérkritériumok: nyilvános lesz mindenki fizetéseAz EP új szabályokat fogadott el a nemi szempontból semleges kritériumokon alapuló bértáblákról, hogy a bérek könnyebben összemérhetőek legyenek a teljesítmény alapján.",politics
6171,"Girincs tipikus borsodi kistelepülés, amelynek lakossága jómódúnak nem mondható.",other
5485,"Érdekesség, hogy a júniusban kinevezett szakember több olyan játékosnak lesz a vezetőedzője, aki nemrég még a csapattársa volt – például Faragó Lajos, Siska Gergő, Harmati Tamás – más kluboknál.",sport
1200,"Aki az egyetemen Mandelhoz került, így válhatott nem egyszerűen egy szakmai közösség, hanem egy nagy család részévé.",other
1419,A közgyűlés döntését követően a tulajdonátruházási szerződések a nyár folyamán megköthetők” – reagálta megkeresésünkre Miskolc Polgármesteri Hivatalának Sajtó és Kommunikációs Osztálya.,politics
4018,"Az M2 chip képes ebben a ventilátor nélküli gépben is működni, amely alig vastagabb, mint egy tablet, de valójában ugyanannyi CPU-teljesítménnyel dolgozik, mint a késői generációs Intel MacBook Pro modellek.",technology
2905,"A társaság a takarékoskodás révén nagyságrendileg hárommilliárd forintot spórolt meg, és ennek is köszönhető, hogy idén el tudják indítani a feldíszített villamosokat és buszokat.",economy
3608,Az elkészült kiállítás 120 paneljéből végül csupán 10 (!) utalt a zsidó áldozatokra.,other
6375,"Háromszor utasítottam el, ám Barbara nem tágított, mivel kifejezetten rám írta az epizódszerepet.",other
5740,"Ezekben az utcákban jó élni és jó üzletet, vagy éttermet nyitni, vezetni is, miközben a látogatók számára próbálnak megadni minden olyan élményt és szolgáltatást, ami miatt a városba érkeztek.",other
7097,Kimondottan külföldre közvetítenek munkavállalókat – tudtuk meg Fábián Anita irodavezetőtől.,economy
1699,"A magyar irodalmi életben kevésbé domináns ez a fajta írói stílus, de én nagyon szeretem.",other
5444,"Ennek megelőzése, illetve csökkentése érdekében érdemes fehérjében gazdag élelmiszerekkel színesíteni az étrendet és erősítő, súlyzós vagy rezisztenciaedzéseket beiktatni legalább heti 2-3 alkalommal.",other
4862,De tizenegy év után új impulzusokra vágytam.,other
2826,"A szövetségi kabinet javaslata nyomán Karl Lauterbach egészségügyi miniszter “drogpolitikai fordulópontról”, részleges legalizálásról beszélt.",politics
834,A hatóságok várhatóan az eddiginél jobban ügyelnek a formai kritériumokra a pályázatok esetében.,politics
7291,Legkevesebb három ember meghalt és százak szorulnak kórházi ápolásra a dél-iráni Szisztán-Beludzsisztán tartományon végigsöprő porviharok miatt – jelentette pénteken az IRNA hivatalos iráni hírügynökség hatósági közléseket ismertetve.,other
1486,"A különleges beléptetés után, a meccs 10. percében a drukkerek levették a cipőiket, a magasba emelték, így tiltakoztak, hívták fel a figyelmet a szokatlan eljárásra.",sport
6206,"Gyakran beszélek arról, mert ez szerintem egy fontos szempont, hogy Ukrajnát a 40 évesek korosztálya irányítja, a kormány tagjai többnyire negyvenvalahány évesek.",politics
9210,Szerinte ugyanis a reálbérek emelkedése a gépjárművek számának növekedésében is visszatükröződik.,economy
1250,A kis Jázmin öccsével közösen látogatta meg az ORFK épületét / Fotó: police.,other
3383,"Az amerikai határidős indexek is újabb fél százalék körüli esést áraznak, miután tegnap csúnya véget ért a kereskedés, a Nasdaq 1,9, az S&P 500 1,4 százalékos lejtmenetével.",economy
170,A beruházásnak köszönhetően a szombathelyi TDK szinte teljesen gázfüggetlenné válik - közölték.,economy
3743,"Az épületen belül más, ugyancsak az akkumulátorgyártáshoz szükséges alapanyagokat is tárolnak, köztük veszélyes anyagokat is – olvasható ki a biztonsági jelentésből.",technology
9792,"Valószínűleg nem kell sokáig kutatni, 2023 tavaszán mi foglalkoztatja az embereket a leginkább: a háború és az infláció.",economy
8809,"Ráadásul az országon belül nem mutatkozik meg olyan mértékű egyenlőtlenség a diákok eredményeiben regionális és nemi szinten, mint máshol.",other
2117,"A NATO felmérése szerint csupán a szlovákiaiak 51 százaléka véli úgy, hogy az országban a NATO-ban a helye, és a megkérdezettek fele ellenzi, hogy tovább segítsék Ukrajnát.",politics
6550,"Hozzátette, a béke a két harcoló félen múlik alapvetően.",politics
1836,"A megtakarításról a gyermek (fiatal felnőtt) 18. életévének betöltése napjától, de legkorábban a Start-számla megnyitását követő harmadik év elteltétől rendelkezhet - írta.",economy
6191,"Guardiola: „Akkor egyenlítettünk, amikor a Real volt fölényben""",sport
638,"A folyamatos harcok, rakétatámadások és betörési kísérletek árnyékában megkezdődtek a temetések is Izraelben.",politics
2412,A ráckevei Savoyai-kastélypark újra megtelik a hazai zenei élet krémjével 2023.,music
2916,"A tavalyi iráni demokráciapárti tüntetések során azonban a rezsim kifinomult taktikát alkalmazott, és nemcsak az internet-hozzáférést blokkolta időnként, hanem az olyan VPN-eket is célba vette, mint az Outline.",politics
5799,"Ezért az, aki gyakorlatilag a Jagged Alliance 2 felújított verzióját várja a játéktól, csalódni fog, a harmadik rész ennél egy fokkal casualebb alkotás lett.",other
7542,Még a hétvégén megkezdik rendőrségi kihallgatását.,politics
9033,"Sokszor előfordul, hogy az orvosoktól semmilyen információt nem kapok a fiam állapotáról.",other
5476,"Éppen ezért okozott olyan nagy meglepetést az a hozzászólás, amely azt sejteti, hogy talán eljött az időhamarosan oltár elé vezeti.",other
1322,A könyvben még sok szó esik a feleségéről.,other
812,"A három kiváló sportoló közül végül azt a Kozák Lucát választották meg a 2022-es esztendő legjobb női sportolójának, aki 100 méteres gátfutásban ezüstérmet szerzett a müncheni Multisport Eb-n.",sport
3262,A Vogue magazin a megnyitás után „A világ legdekadensebb szállodai lakosztálya” címet adományozta a Pigalle-nak.,other
2543,"Arra a felvetésre, hogy a Fidesz által sokat szidott szankciókat miért írta alá a kormányfő, azt javasolta, hogy erről Leel-Őssy kérdezze meg a Miniszterelnökséget.",politics
5214,"Ekkor még kifejezetten lassú folyamat volt a minőségbiztosítás, ami az ipari forradalommal megváltozott, hiszen fel kellett gyorsítani a folyamatokat.",technology
6447,"Helyi beszámolók szerint az es-Sifában alig maradt valaki a személyzetből, ők próbálják meg ellátni azokat, akik nem szállíthatók.",other
2508,"A rétközi egylet mindössze a Pénzügyőrt tudta legyőzni tavasszal, így visszacsúszott az osztályozós, tizenhetedik pozícióba.",other
8810,Ráadásul elég nagy baj van már most az iparágban.,economy
9992,"Zelenszkij új európai projektbe kezdett, amely mára túlszárnyalta őt, mint egyént, és Ukrajnáról, mint egészről szól – mondta Farred.",politics
9789,Valószínűleg nem az Ukrajna megsegítésére szervezett miseboros akciójával érdemelte ki az „elismerést”.,politics
4344,"Az ügylet azonban megrekedt az amerikai kongresszus ellenvetései miatt, mivel Ankara nem hagyta jóvá a NATO-bővítését.",politics
6261,"Ha délután is elbóbiskolnánk, soha ne aludjunk többet tizenöt–húsz percnél.",other
5520,Erre jó lehetőséget ad a keddi Hepp-kupamérkőzés.,sport
2455,"A rend, a törvényesség, a becsület, a tisztesség, az áldozat békéjét.",other
857,"A helyiek egyébként nemcsak vele ellenségesek, hanem valamennyi itt nyaralóházat vásárló személyekkel.",other
7046,"Kezdőknek 1-2, haladóknak 4-5 kör ajánlott.",other
8483,"Nyilván jól kiismerte a kapitalizmus és a kommunizmus természetét, stúdiumai során ezért jutott arra, hogy a legjobb üzlet az, amiben nincs kockázat, vagyis a haszon a miénk, a költség a népé.",politics
5094,"Egyiptom, Románia és Törökország is tűzoltókat küldött a térségbe.",politics
734,"A gondos, piros paprikával bélelt csomagolással kétféle anyagot lepleztek.",other
9504,Tordai háza körül a rendőrség is nyomoz.,politics
4082,"Az olimpiákkal nem volt szerencséje: 1996-ban, Atlantában a hetedik, 2000-ben, Sydneyben a 13., 2004-ben, Athénban a 11. helyezést érte el, míg négy évvel később, Pekingben nem is jutott döntőbe.",sport
2341,A polgári védelmi intézkedésekre az orosz-ukrán háború által előidézett geopolitikai helyzet és a román határ közvetlen közelében lévő ukrán kikötők – Reni és Izmail – elleni sorozatos orosz támadások miatt van szükség.,politics
4951,"Édesanyám Kazi Olga középtávfutó, Eb-bronzérmes, Universiade-győztes, vagyis főiskolai világbajnok, ami akkoriban az olimpia után a legmagasabb szintű verseny volt.",other
2256,"A nyolcvanas évek vége fele elmentem egy diszkóba, ahol láttam egy lányt, akinek nagyon jól volt levágva a haja.",other
354,A csapatok stílusának és tudásának ismeretében ezt írhatjuk: az otthoni védelem és a látogatói csatársor produkciója dönt majd.,other
6275,"Ha ezt a dolgot megértjük, máris világossá válik, hogy életünket mi magunk formálhatjuk és változtathatjuk szebbé, harmonikusabbá.",other
6780,"Itt a németek vártak a mieinkre, akik ezúttal sem hibáztak, s újabb nagyon sima győzelemmel (23-5) masíroztak be a legjobb négy közé.",sport
9031,Sok sikert kívánunk nekik mind a két sorozatban – jegyezte meg mindehhez Toronyai Miklós.,other
8782,Portugália és Spanyolország is részesülhet az energiából.,economy
3593,"Az elemzői várakozások szerint újabb 100 bázisponttal, 15-ről 14 százalékra csökkenti irányadó egynapos betéti kamatát a Magyar Nemzeti Bank (MNB) Monetáris Tanácsa holnapi kamatdöntő ülésén.",economy
305,"A cél, hogy az állami fejlesztések magyar alapanyagokkal, szakemberekkel, magyar tudással, magyar haszonra valósuljanak meg.",politics
186,"A BIK nem árul el titkot azzal, hogy a kormány júliusban bevezetett „2 százalékos biztonságos hitel” programjának tulajdonítható az óriási változás.",economy
9889,"Vélhetően most is erre számított, miután a hétvégi OPEC csúcson vállalta, hogy egymaga egymillió hordóval csökkenti a napi kitermelését.",economy
7466,"Már csak öt perc volt hátra, amikor a mérkőzésen másodszor két góllal vezetett korosztályos válogatottunk, amelyet még eggyel megtoldottak, így megnyerték a mérkőzést (28-25).",sport
9771,"Valamennyi programelem az akcióterületen élő, hátrányos helyzetű csoportokhoz tartozó, aktív korú, 16-54 éves embereknek szól.",other
7772,Mindenben számíthatott egymásra a csütörtökön elhunyt Galambos Erzsi és Csonka András.,other
1897,"Ami azonban igazán megdöbbentő, ha belegondolunk, hogy az egyes bolygók hányszor kerülték meg a Napot eddigi létezésük során.",other
1549,"A lap úgy tudja, hogy a német gyártmányú luxushajót az ismert francia tervező, Phillippe Starck alkotta meg.",other
3337,"Az alaphelyzet viszont nem változik, továbbra is egy Division-ügynököt fogunk irányítani, akivel egy túlélős, PvEvP játékmenetben kell helyt állnunk.",technology
2701,A szankciók miatt Európában energiaválság van és elszabadult a szankciós infláció.,politics
5454,"Ennélfogva sok évbe telhet, amíg a fegyvergyártók növelik a termelési kapacitásukat a háború által generált megnövekedett lőszerek iránti kereslet fényében.",economy
6679,Így az orosz Novateknek kellene vállalnia a projekt 25 milliárd dolláros költségét.,economy
8468,"Novák Katalin kiemelte, hogy ez a kisfiú a csoda, a túlélés, a jövő jelképe.",other
9109,"Számos izgalmas, az alkotáshoz vezető történettel találkozhattunk: volt, akinek újságíróként a mindennapjai részét képezte az írás, de akadt olyan is, aki kreatívírás kurzusokon, lényegében autodidakta módon közelített saját első művéhez.",other
9501,"Toót-Holló Tamás, a Magyar Nemzeti Médiaszövetség elnöke köszöntőt mond a III.",politics
454,"A divattervező párja most nagyon bízik abban, hogy Herczeg hamarosan kijöhet a börtönből.",other
6128,"Fontos változás még, hogy a közbeszerzési eljárások tárgyalásosan zajlanak majd, nemcsak az ár lesz döntő, de társadalmi szempontrendszert is kidolgoznak, amelyben környezeti szempontokat is érvényesítenek.",politics
6180,"Gondolkozás csak akkor lehet hiteles, ha a bűntudatot számon tartja (Kierkegaard: szorongás).",other
8777,Pontosztozkodás az Eger ellen.,sport
3544,Az egyik igen egyszerű: természetes úton ki lehet bányászni.,other
9305,"Talán nem véletlen, hogy mindez meg is ihletett, s tollat ragadva papírra is vetettem gondolataimat: Ragyogón süt a Nap, / a mezők pedig virágba borulnak.",other
2355,A poloskák napszaki aktivitásuknak megfelelően a délutáni napos órákban szignifikánsan nagyobb számban vonultak be a fűtött csapdákba.,other
9365,"Tehát mostantól a Rómain van egy pad, Gerendás Antal emlékére.",other
7663,Mennyire tudják a mindennapokban is humorral megélni a nehézségeket?,other
9833,"Várnai 16-ra emelte a találati számot a negyedik felvonásban, majd következett ugyanő emberelőnyben, Angyal pedig szabaddobásból (18-4).",sport
5861,"Ez már a tizedik európai ország, ahol működik az ukrán vállalat.",economy
1725,"A magyar oktatási program eredményességét évente ismétlődő mérésekkel követik, ennek lényege, hogy a gyermekek nyelvi fejlődését saját előző évi szintjükhöz hasonlítják.",other
3212,"A videó alatt kommentben többen is kérték, hogy mondjon példákat, de volt olyan is, aki le is írta hasonló élményét.",other
2621,"A Somogy megyei Karádon egy családi ház udvarán fél méter magasan állt a víz, az udvaron körbekerítve tartott ötven tyúk elpusztult, mire megérkeztek a tűzoltók.",other
593,"A fiatalok körében relatíve népszerű az eredetileg generációs alapon szerveződő Momentum, így a párt számára logikus a választói korhatár ügyének felkarolása.",politics
9712,"Ünnepet köszöntenek, zsebre rakják a kántálás díját, tovább állnak.",holidays
2462,"A rendelő olyan rossz anyagi helyzetben volt, hogy még 2021-ben csődvédelmet kértek.",economy
9735,"Utódja, Anton Volokolamszki metropolita néhány héttel később mégis találkozott Ferenc pápával a Vatikánban, majd 2022 szeptemberében a Kazahsztánban rendezett vallásközi csúcstalálkozón ismét megbeszélést folytattak egymással.",politics
1668,"A logisztika világa ezeknek a lapoknak a méreteihez, azaz a 800 x 1.200 x 144 milliméteres mérethez igazodott – a raktárfelületektől a fuvarozási rendszereken át a kamionok és vasúti kocsik rakodófelületéig.",trafic
4185,"Az összes elektronikus tranzakció típus emelkedő tendenciát mutatott a pénzforgalom második negyedévi adataiban, különösen pozitív hír, hogy a mobiltárcás fizetések is egyre.",economy
767,"A H5-ös, a H6-os, a H8-as és a H9-es HÉV vonalán szenteste 16 óra után is biztosítják az utazási lehetőséget, a megszokottnál ritkábban, egészen a késő esti üzemzárásig.",trafic
3254,"A vitorlázás esetében azonban tudni kell, hogy rendkívül költséges külföldön versenyezni, a saját hajót ugyanis oda kell szállítani az adott versenyre, ez pedig jelentős kiadással jár.",other
8495,"Nyolc intézmény, közel kétszáz diák nevezett csapatokkal – volt olyan iskola, amelyik kérte, két csapattal is jöhessenek – és mindez a Határtalanul programba ágyazva, ugyanis játékos fejtörők tarkították a közel két kilométeres futást.",other
